{"includedArchiveIdentifiers":["AdFitSDK"],"interfaceLanguages":{"swift":[{"children":[{"title":"연동 전 체크사항","type":"groupMarker"},{"icon":"iphone.png","path":"\/documentation\/adfitsdk\/install","title":"SDK 설치","type":"article"},{"icon":"iphone.png","path":"\/documentation\/adfitsdk\/att","title":"추적 권한 요청","type":"article"},{"icon":"iphone.png","path":"\/documentation\/adfitsdk\/appstoreconnectprivacy","title":"[AppStoreConnect] 애플 사용자 개인정보 보호 및 데이터 사용 정책","type":"article"},{"icon":"iphone.png","path":"\/documentation\/adfitsdk\/skadnetwork","title":"SKAdNetwork ID 추가","type":"article"},{"icon":"iphone.png","path":"\/documentation\/adfitsdk\/ats","title":"ATS(App Transport Security) 처리","type":"article"},{"title":"광고 연동","type":"groupMarker"},{"icon":"iphone.png","path":"\/documentation\/adfitsdk\/bannerad","title":"배너 광고 연동","type":"article"},{"icon":"iphone.png","path":"\/documentation\/adfitsdk\/nativead","title":"Native 광고 연동","type":"article"},{"icon":"iphone.png","path":"\/documentation\/adfitsdk\/popup","title":"팝업 광고 연동","type":"article"},{"children":[{"title":"추가 가이드","type":"groupMarker"},{"icon":"iphone.png","path":"\/documentation\/adfitsdk\/bizboardtemplate+cell","title":"비즈보드 템플릿 UITableViewCell 형태 지원","type":"article"}],"icon":"iphone.png","path":"\/documentation\/adfitsdk\/bizboardtemplate","title":"비즈보드 템플릿 광고 연동","type":"symbol"},{"children":[{"icon":"iphone.png","path":"\/documentation\/adfitsdk\/swiftui+bannerad","title":"배너 광고 연동 for SwiftUI","type":"article"},{"icon":"iphone.png","path":"\/documentation\/adfitsdk\/swiftui+bizboardtemplate","title":"비즈보드 광고 연동 for SwiftUI","type":"article"}],"icon":"iphone.png","path":"\/documentation\/adfitsdk\/simple+swiftui","title":"AdFitSDK SwiftUI 지원","type":"symbol"},{"children":[{"icon":"iphone.png","path":"\/documentation\/adfitsdk\/nativeadguideline","title":"Native 광고 가이드라인","type":"article"},{"icon":"iphone.png","path":"\/documentation\/adfitsdk\/nativead","title":"Native 광고 연동","type":"article"},{"path":"\/documentation\/adfitsdk\/nativeadasset","title":"네이티브 광고 에셋 안내","type":"article"}],"icon":"iphone.png","path":"\/documentation\/adfitsdk\/nativeadintroduce","title":"NativeAd 소개","type":"symbol"},{"title":"하이브리드 광고 연동","type":"groupMarker"},{"icon":"iphone.png","path":"\/documentation\/adfitsdk\/hybridad","title":"하이브리드 iOS 광고 연동","type":"article"},{"title":"기타","type":"groupMarker"},{"children":[{"icon":"settings-icon.png","path":"\/documentation\/adfitsdk\/surfaceapprove","title":"타겟팅 향상을 위한 지면 데이터 입력","type":"article"},{"icon":"settings-icon.png","path":"\/documentation\/adfitsdk\/optout","title":"Opt out 버튼 설정","type":"article"}],"icon":"iphone.png","path":"\/documentation\/adfitsdk\/advanced","title":"고급 기능 지원","type":"symbol"},{"title":"tutorial","type":"groupMarker"},{"children":[{"title":"SwiftUI로 광고 연동하기","type":"groupMarker"},{"path":"\/tutorials\/adfitsdk\/tutorial+swiftui+init","title":"AdFitSDK 적용을 위한 SwiftUI project 초기 설정","type":"project"},{"path":"\/tutorials\/adfitsdk\/tutorial+bannerad+swiftui","title":"배너광고 for SwiftUI","type":"project"},{"path":"\/tutorials\/adfitsdk\/tutorial+bizboardtemplate+swiftui","title":"비즈보드 템플릿 for SwiftUI","type":"project"},{"title":"UIKit으로 광고 연동하기","type":"groupMarker"},{"path":"\/tutorials\/adfitsdk\/tutorial+uikit+init","title":"AdFitSDK 적용을 위한 UIKit project 초기 설정","type":"project"},{"path":"\/tutorials\/adfitsdk\/tutorial+bannerad+uikit","title":"배너광고 for UIKit","type":"project"},{"path":"\/tutorials\/adfitsdk\/tutorial+bizboardtemplate+uikit","title":"비즈보드 템플릿 광고 for UIKit","type":"project"}],"path":"\/tutorials\/tutorialtable+adfit","title":"introducing AdFit SDK","type":"overview"}],"icon":"ad-icon.png","path":"\/documentation\/adfitsdk","title":"AdFitSDK","type":"module"}]},"references":{"ad-icon.png":{"alt":"A technology icon representing the SlothCreator framework.","identifier":"ad-icon.png","type":"image","variants":[{"traits":["2x","light"],"url":"\/images\/AdFitSDK\/ad-icon@2x.png"}]},"iphone.png":{"alt":"A technology icon representing the SlothCreator framework.","identifier":"iphone.png","type":"image","variants":[{"traits":["1x","light"],"url":"\/images\/AdFitSDK\/iphone.png"}]},"settings-icon.png":{"alt":"A technology icon representing the SlothCreator framework.","identifier":"settings-icon.png","type":"image","variants":[{"traits":["2x","light"],"url":"\/images\/AdFitSDK\/settings-icon@2x.png"}]}},"schemaVersion":{"major":0,"minor":1,"patch":2}}